osm_id,registered_name,category_group,specific_type,latitude,longitude,district
1104353781,"Idp Camp","Hotels & Hospitality",caravan_site,9.54939,44.06037,"Hargeisa"
1104353811,"Ambassador Hotel","Hotels & Hospitality",hotel,9.52229,44.07288,"Hargeisa"
1104353905,"Id Camp","Hotels & Hospitality",caravan_site,9.53444,44.04082,"Hargeisa"
1138799241,"Oriental Hotel فندق أورينتال","Hotels & Hospitality",hotel,9.5623,44.06794,"Hargeisa"
1138799309,"Imperial Hotel","Hotels & Hospitality",hotel,9.55804,44.05099,"Hargeisa"
1138799338,"War Memorial (MIG)","Hotels & Hospitality",attraction,9.56146,44.06541,"Hargeisa"
2373721802,"Siraaj","Hotels & Hospitality",hotel,9.56052,44.07173,"Hargeisa"
2866183977,"Museum متحف","Hotels & Hospitality",museum,9.56219,44.07263,"Hargeisa"
3201169322,"Mount Royel Hotel","Hotels & Hospitality",hotel,9.57379,44.01316,"Hargeisa"
3201173249,"Maansoor Hotel","Hotels & Hospitality",hotel,9.575,44.03278,"Hargeisa"
3202885992,"Safaari Hotel","Hotels & Hospitality",hotel,9.563,44.03623,"Jigjiga yar Road"
3586340689,"Golden Tourist Hotel","Hotels & Hospitality",hotel,9.56123,44.08834,"Hargeisa"
3590162057,"City Centre مركز المدينة","Hotels & Hospitality",hotel,9.56086,44.06948,"Hargeisa"
3594055594,"Adam's Inn","Hotels & Hospitality",hotel,9.52521,44.07511,"Hargeisa"
3624604956,"Ramaad Hotel","Hotels & Hospitality",hotel,9.5337,44.07521,"Hargeisa"
3624604978,"Scandinavian Hotel","Hotels & Hospitality",hotel,9.52984,44.07503,"Hargeisa"
3645112768,"Xarunta Derbi-jiifka","Hotels & Hospitality",hostel,9.53951,44.11358,"Hargeisa"
4361883690,"telecom kililka","Hotels & Hospitality",viewpoint,9.57762,44.07769,"Hargeisa"
4463135024,"Surad Hotel","Hotels & Hospitality",hotel,9.56176,44.06283,"Hargeisa"
4463207032,"Bilaal Hotel فندق بيلال","Hotels & Hospitality",hotel,9.56338,44.06094,"Hargeisa"
4463794513,"Shaybe Hotel","Hotels & Hospitality",hotel,9.56679,44.03582,"Hargeisa"
4463838903,"Summertime Appartments","Hotels & Hospitality",hotel,9.5674,44.03574,"Hargeisa"
4463844189,"Sun Hotel","Hotels & Hospitality",hotel,9.56978,44.03549,"Hargeisa"
4463855555,"Golden Appartments","Hotels & Hospitality",hotel,9.57267,44.0353,"Hargeisa"
4542602590,"jimicsi","Hotels & Hospitality",viewpoint,9.57066,44.04283,"Hargeisa"
4542689190,"tec power plant3","Hotels & Hospitality",viewpoint,9.51798,44.11187,"Hargeisa"
4542696289,"t power plant tes 1","Hotels & Hospitality",viewpoint,9.51164,44.12675,"Hargeisa"
4542715889,"tec power plant tes2","Hotels & Hospitality",viewpoint,9.51348,44.11758,"Hargeisa"
4542716190,"tpower plant muuse","Hotels & Hospitality",viewpoint,9.52258,44.12818,"Hargeisa"
4542766391,"tec power plant jamaal","Hotels & Hospitality",viewpoint,9.52547,44.10638,"Hargeisa"
4542766392,"tplant m.mooge rd","Hotels & Hospitality",viewpoint,9.53452,44.10434,"Hargeisa"
4542766491,"tec power plant karashar2","Hotels & Hospitality",viewpoint,9.55191,44.10267,"Hargeisa"
4542812894,"tec power plant shirawqle sub","Hotels & Hospitality",viewpoint,9.56125,44.10062,"Hargeisa"
4542897889,"tec power plant wadada wadnaha shiraaqle","Hotels & Hospitality",viewpoint,9.56242,44.10045,"Hargeisa"
4542910589,"T power plant libaan f/stion under ground","Hotels & Hospitality",viewpoint,9.56037,44.09055,"Hargeisa"
4542912589,"tec power plant (saldhiga new hargeisa","Hotels & Hospitality",viewpoint,9.56083,44.07372,"Hargeisa"
4542912590,"buurta kala","Hotels & Hospitality",viewpoint,9.58597,44.00414,"Hargeisa"
4542916089,"T power plant 2","Hotels & Hospitality",viewpoint,9.5575,44.07575,"Hargeisa"
4542937290,"ttttt","Hotels & Hospitality",viewpoint,9.59111,44.03668,"Hargeisa"
4543006307,"tec power plant (sheekh madar)","Hotels & Hospitality",viewpoint,9.56425,44.07056,"Hargeisa"
4543259689,"tec power plant ( if iyo aakhiro )","Hotels & Hospitality",viewpoint,9.57905,44.04738,"Hargeisa"
4543360489,"tt power plant ff","Hotels & Hospitality",viewpoint,9.51921,44.09988,"Hargeisa"
4543360589,"TT power plant ff","Hotels & Hospitality",viewpoint,9.50551,44.10127,"Hargeisa"
4543360689,"tt power plant ff","Hotels & Hospitality",viewpoint,9.5307,44.12082,"Hargeisa"
4565218897,"tec power plant ( jirde para)","Hotels & Hospitality",viewpoint,9.56088,44.06119,"Hargeisa"
4565218898,"tec power plant masque dirir","Hotels & Hospitality",viewpoint,9.56075,44.06388,"Hargeisa"
4565218899,"tec power plant buubaa bacadlaha","Hotels & Hospitality",viewpoint,9.56032,44.06757,"Hargeisa"
4565218995,"tec power plant badri","Hotels & Hospitality",viewpoint,9.56051,44.06263,"Hargeisa"
4565218997,"tec power plant maayar;tec power kaliil","Hotels & Hospitality",viewpoint,9.55524,44.0747,"Hargeisa"
4565218998,"tec power plant saba xareed","Hotels & Hospitality",viewpoint,9.55152,44.07593,"Hargeisa"
4565218999,"tec power plant telesom star","Hotels & Hospitality",viewpoint,9.53755,44.07534,"Hargeisa"
4565219000,"tec saylada","Hotels & Hospitality",viewpoint,9.55224,44.08011,"Hargeisa"
4565219001,"tec tibiida","Hotels & Hospitality",viewpoint,9.55837,44.05509,"Hargeisa"
4565219002,"tec shacabka telesom","Hotels & Hospitality",viewpoint,9.5571,44.05362,"Hargeisa"
4565219006,"tec telesom xarunta","Hotels & Hospitality",viewpoint,9.57182,44.0361,"Hargeisa"
4565219008,"tec bada cas1","Hotels & Hospitality",viewpoint,9.55757,44.03639,"Hargeisa"
4565246991,"tec power plant ( geeska africa )","Hotels & Hospitality",viewpoint,9.56082,44.06186,"Hargeisa"
4565246992,"tec power plant (hos dhiqle)","Hotels & Hospitality",viewpoint,9.56081,44.06253,"Hargeisa"
4565246996,"tec power plant al khaliij","Hotels & Hospitality",viewpoint,9.54021,44.07631,"Hargeisa"
4565246997,"tec power aloore masjid","Hotels & Hospitality",viewpoint,9.54003,44.07544,"Hargeisa"
4565246998,"tec xanaano m.mooge","Hotels & Hospitality",viewpoint,9.54174,44.08934,"Hargeisa"
4565246999,"tec hooyo kaab","Hotels & Hospitality",viewpoint,9.54014,44.09191,"Hargeisa"
4565247001,"tec komishan","Hotels & Hospitality",viewpoint,9.55773,44.0498,"Hargeisa"
4565274891,"tec power plant khudrada","Hotels & Hospitality",viewpoint,9.5599,44.06799,"Hargeisa"
4565274892,"tec power plant hq 1","Hotels & Hospitality",viewpoint,9.55877,44.06874,"Hargeisa"
4565274893,"tec pawer plant manhal masjid","Hotels & Hospitality",viewpoint,9.54473,44.07744,"Hargeisa"
4565274894,"tec new masjid","Hotels & Hospitality",viewpoint,9.54286,44.10242,"Hargeisa"
4565274895,"tec Dal dhis","Hotels & Hospitality",viewpoint,9.53597,44.09295,"Hargeisa"
4565274896,"tec goolada state house","Hotels & Hospitality",viewpoint,9.55781,44.04614,"Hargeisa"
4565274897,"tec salaam health","Hotels & Hospitality",viewpoint,9.57252,44.04245,"Hargeisa"
4565274991,"tec power plant saldhiga dhexe","Hotels & Hospitality",viewpoint,9.56076,44.0646,"Hargeisa"
4565275091,"tec xulubxulub","Hotels & Hospitality",viewpoint,9.55512,44.07478,"Hargeisa"
4565275092,"tec power plant isgoys","Hotels & Hospitality",viewpoint,9.54463,44.07778,"Hargeisa"
4565275093,"tec power plant muruq liqe","Hotels & Hospitality",viewpoint,9.54014,44.0779,"Hargeisa"
4565275094,"tec power plant star wado","Hotels & Hospitality",viewpoint,9.53693,44.07497,"Hargeisa"
4565275095,"maxkamada","Hotels & Hospitality",viewpoint,9.55802,44.05687,"Hargeisa"
4565275100,"tec power plant beerta xoriyada","Hotels & Hospitality",viewpoint,9.55935,44.05839,"Hargeisa"
4565289790,"tec power plant dab damiska(doox)","Hotels & Hospitality",viewpoint,9.56006,44.05959,"Hargeisa"
4565289792,"tec power plant xamarta","Hotels & Hospitality",viewpoint,9.55487,44.07486,"Hargeisa"
4565289793,"tec power plant star masjid","Hotels & Hospitality",viewpoint,9.53756,44.07498,"Hargeisa"
4565289794,"tec guriga digtoorka","Hotels & Hospitality",viewpoint,9.54291,44.08917,"Hargeisa"
4565289795,"tec masjid","Hotels & Hospitality",viewpoint,9.54344,44.0911,"Hargeisa"
4565291789,"tec power plant womens club","Hotels & Hospitality",viewpoint,9.56102,44.06175,"Hargeisa"
4565291792,"tec power plant bayle","Hotels & Hospitality",viewpoint,9.56054,44.06474,"Hargeisa"
4565295289,"tec power g/ciise","Hotels & Hospitality",viewpoint,9.55689,44.0751,"Hargeisa"
4565295290,"TELESOM &SALAAMA BANK SABA~XAREED","Hotels & Hospitality",viewpoint,9.55129,44.07601,"Hargeisa"
4565295291,"tec power star","Hotels & Hospitality",viewpoint,9.53688,44.07548,"Hargeisa"
4565295292,"tec sanyare mators","Hotels & Hospitality",viewpoint,9.56108,44.05785,"Hargeisa"
4565295293,"tec udub","Hotels & Hospitality",viewpoint,9.55811,44.05416,"Hargeisa"
4565295294,"tec is goyska guuled hotel","Hotels & Hospitality",viewpoint,9.5643,44.04352,"Hargeisa"
4565295295,"masjidu salaam","Hotels & Hospitality",viewpoint,9.57118,44.04273,"Hargeisa"
4565295296,"tec ban jarle","Hotels & Hospitality",viewpoint,9.57248,44.04737,"Hargeisa"
4565295298,"Fooqa Bis","Hotels & Hospitality",viewpoint,9.56186,44.06669,"Hargeisa"
4565297089,"tec cid","Hotels & Hospitality",viewpoint,9.55951,44.04905,"Hargeisa"
4565297090,"tec power plant ( soltelco)","Hotels & Hospitality",viewpoint,9.56089,44.05789,"Hargeisa"
4565297389,"tec goolada telesom jjy","Hotels & Hospitality",viewpoint,9.57176,44.03664,"Hargeisa"
4565297390,"tec jameeco weyn","Hotels & Hospitality",viewpoint,9.56903,44.04747,"Hargeisa"
4590092118,"Jijiga jar","Hotels & Hospitality",guest_house,9.56857,44.03102,"Hargeisa"
4675975589,"Mnesta home","Hotels & Hospitality",guest_house,9.5686,44.03928,"Jigjiga yar Road"
4738305323,"Jagada MX Xaddi","Hotels & Hospitality",guest_house,9.60233,43.99562,"Hargeisa"
4758253322,"Guriga jacaylka","Hotels & Hospitality",viewpoint,9.56349,44.02633,"Hargeisa"
4796291121,"Sun Hotel Apartment","Hotels & Hospitality",hotel,9.56918,44.03551,"Hargeisa"
4797282321,"Mm Hassan","Hotels & Hospitality",guest_house,9.57458,44.04164,"Hero Awr Road"
4798593821,"Mnesta House","Hotels & Hospitality",guest_house,9.5698,44.03466,"Hargeisa"
4806268822,"Gargaar","Hotels & Hospitality",hotel,9.56161,44.06275,"Hargeisa"
4843195022,"Isha borama","Hotels & Hospitality",artwork,9.5391,44.05191,"Hargeisa"
4844254921,"Nasiye hotel","Hotels & Hospitality",hotel,9.54088,44.05166,"Hargeisa"
4876188522,"Durdur Business Center","Hotels & Hospitality",attraction,9.56156,44.05905,"Hargeisa"
4876188523,"Deero Mall","Hotels & Hospitality",attraction,9.56152,44.05835,"Hargeisa"
4901758421,"Damal Hotel","Hotels & Hospitality",hotel,9.5621,44.0648,"Road Nr. One"
4959549623,"Saryan Museum","Hotels & Hospitality",museum,9.56358,44.04915,"Hargeisa"
4977204023,"TLS 529751","Hotels & Hospitality",viewpoint,9.55312,44.07524,"Hargeisa"
4977204523,"TLS 526622","Hotels & Hospitality",viewpoint,9.55602,44.07596,"Hargeisa"
4979412522,"538512 maryan nuur","Hotels & Hospitality",viewpoint,9.5763,44.04978,"Hargeisa"
4979412821,"538468 khadra maxamed","Hotels & Hospitality",viewpoint,9.58572,44.05245,"Hargeisa"
4979412822,"534214 cali xuseen","Hotels & Hospitality",viewpoint,9.58268,44.04914,"Hargeisa"
4986330524,"534795 al mahdi electron","Hotels & Hospitality",viewpoint,9.57576,44.06232,"Hargeisa"
4986330626,"538057 SAAMIYA XASAN","Hotels & Hospitality",viewpoint,9.58315,44.05307,"Hargeisa"
4991051840,"Bacado Hotel and Restaurant","Hotels & Hospitality",hotel,9.56241,44.05321,"Hargeisa"
4995162922,"521031 LIBAAN STORE","Hotels & Hospitality",viewpoint,9.56195,44.0663,"Hargeisa"
4995169325,"521031 LIBAAN STORE SAX","Hotels & Hospitality",viewpoint,9.56178,44.06639,"Hargeisa"
4995169326,"TLS 511046","Hotels & Hospitality",viewpoint,9.56345,44.07005,"Hargeisa"
4995218722,"TLS 524154 BADAR HOTEL","Hotels & Hospitality",viewpoint,9.56383,44.07615,"Hargeisa"
4995376321,"540667","Hotels & Hospitality",viewpoint,9.56567,44.08407,"Hargeisa"
4995376422,"533455","Hotels & Hospitality",viewpoint,9.57425,44.06184,"Hargeisa"
4997754023,"572614","Hotels & Hospitality",viewpoint,9.56194,44.0413,"Hargeisa"
5005267025,"نقطه تفتيش الغربية","Hotels & Hospitality",police,9.58999,43.97558,"Hargeisa"
5005267224,"561193","Hotels & Hospitality",viewpoint,9.54265,44.07221,"Hargeisa"
5005267323,"564201","Hotels & Hospitality",viewpoint,9.54532,44.08355,"Hargeisa"
5101660323,"twin towers of hodon hills","Hotels & Hospitality",guest_house,9.56747,44.10419,"Hargeisa"
5130968324,"521836 caasha","Hotels & Hospitality",viewpoint,9.56869,44.06824,"Hargeisa"
5130979824,"world concern","Hotels & Hospitality",viewpoint,9.52082,44.06984,"Hargeisa"
5130979825,"wasaarada m/cashuraha bariga","Hotels & Hospitality",viewpoint,9.56124,44.04885,"Hargeisa"
5131006521,"523345","Hotels & Hospitality",viewpoint,9.55476,44.04295,"Hargeisa"
5171270528,"520288/520291 Color zone","Hotels & Hospitality",viewpoint,9.562,44.05881,"Hargeisa"
5171320323,"513257 barwaaqo","Hotels & Hospitality",viewpoint,9.57003,44.06471,"Hargeisa"
5339815621,"Gurige Cabdiqadir Barre","Hotels & Hospitality",apartment,9.55388,44.06459,"Axmed Guure"
5435777222,"Guriga Biciid","Hotels & Hospitality",viewpoint,9.54781,44.06461,"Hargeisa"
5395959821,"Maamuus","Hotels & Hospitality",hotel,9.56024,44.0877,"Road Number 1 / طريق رقم ١"
5395959822,"Sayladah Camel marked","Hotels & Hospitality",attraction,9.55258,44.08051,"Hargeisa"
5583440430,"البيت هرجيسا","Hotels & Hospitality",caravan_site,9.56689,44.04789,"Swayne Drive"
5635815923,"Sagal Hotel","Hotels & Hospitality",hotel,9.57528,44.06248,"Hargeisa"
5676175921,"Garaad Hotel","Hotels & Hospitality",hotel,9.56212,44.07639,"Hargeisa"
5676176121,"Barwaaqo2 Hotel","Hotels & Hospitality",hotel,9.56238,44.07853,"Hargeisa"
5704010423,"Apartments house hotel","Hotels & Hospitality",apartment,9.55973,44.08817,"Hargeisa"
5745380821,"Guriga iid","Hotels & Hospitality",apartment,9.57391,44.02023,"JIDKA 150 KA"
5857136185,"فندق","Hotels & Hospitality",hotel,9.56184,44.08671,"Hargeisa"
6077788783,"sompower new Hargeisa 0634220248","Hotels & Hospitality",viewpoint,9.5621,44.07685,"Hargeisa"
6077788921,"sompower axmed cali 0634220248","Hotels & Hospitality",viewpoint,9.54981,44.07494,"Hargeisa"
6077788923,"sompower xarunta suuqa 0634220248","Hotels & Hospitality",viewpoint,9.56483,44.06915,"Hargeisa"
6078094185,"564145","Hotels & Hospitality",viewpoint,9.54275,44.07932,"Hargeisa"
6078094285,"Som powe isha Borama 0634220248","Hotels & Hospitality",viewpoint,9.54653,44.05035,"Hargeisa"
6078445885,"TAYO PLASTIC FACTORY (ENG:SHIBIIN","Hotels & Hospitality",viewpoint,9.56379,44.06921,"Hargeisa"
6086375685,"Iid daalibaan House (eng shibiin)","Hotels & Hospitality",viewpoint,9.59183,44.04968,"Hargeisa"
6113035988,"tls internet ( Isra)","Hotels & Hospitality",viewpoint,9.56244,44.12322,"Hargeisa"
6149599785,"فندق بطان","Hotels & Hospitality",hotel,9.55529,44.06877,"Airport Road طريق المطار"
6171102187,"Mansoor Hotel","Hotels & Hospitality",hotel,9.57537,44.03148,"Hargeisa"
6234754185,"nour madadal","Hotels & Hospitality",apartment,9.54002,44.04716,"ahmed Dhere street"
6288249185,"tls Tawer","Hotels & Hospitality",artwork,9.58831,44.17035,"Hargeisa"
6342819493,"yooca","Hotels & Hospitality",apartment,9.57321,44.02354,"Hargeisa"
6356605385,"guriga muuse","Hotels & Hospitality",viewpoint,9.58387,44.02245,"Hargeisa"
6422872985,"tls internet 560968 (340)","Hotels & Hospitality",viewpoint,9.54914,44.07672,"Hargeisa"
6422936791,"tls internet 565498(400)","Hotels & Hospitality",viewpoint,9.55071,44.06967,"Hargeisa"
6468318785,"tls 566097","Hotels & Hospitality",viewpoint,9.54978,44.07248,"Hargeisa"
6485249885,"ASTAAN CABLE TV","Hotels & Hospitality",viewpoint,9.56049,44.03594,"Hargeisa"
6504639585,"Suldaanka house","Hotels & Hospitality",apartment,9.57372,44.05164,"Hargeisa"
6507897385,"tls point shabeel","Hotels & Hospitality",viewpoint,9.56665,44.01301,"Hargeisa"
6517624285,"TAAJ MASALAHA","Hotels & Hospitality",viewpoint,9.52155,44.07543,"Hargeisa"
6574041585,"tls 564423","Hotels & Hospitality",viewpoint,9.53607,44.10282,"Hargeisa"
6584544085,"faahiye house","Hotels & Hospitality",guest_house,9.57851,44.04078,"Hargeisa"
6585727385,"tls 526681","Hotels & Hospitality",viewpoint,9.55435,44.0734,"Hargeisa"
6595770286,"tls 526152","Hotels & Hospitality",viewpoint,9.55461,44.07063,"Hargeisa"
6598160585,"tls 565918","Hotels & Hospitality",viewpoint,9.5451,44.06316,"Hargeisa"
6601797386,"tls 515768 (452389)","Hotels & Hospitality",viewpoint,9.557,44.06577,"Hargeisa"
6602295190,"faahiye house","Hotels & Hospitality",apartment,9.58043,44.03963,"Hargeisa"
6645982611,"DHola-Yare Hotel","Hotels & Hospitality",hotel,9.56418,44.06027,"Hargeisa"
6683021585,"tls 529049","Hotels & Hospitality",viewpoint,9.55609,44.07051,"Hargeisa"
6683025885,"tls Tawer Qunyar daga","Hotels & Hospitality",viewpoint,9.59843,44.05196,"Hargeisa"
6693547785,"Ahmed Yonis Guest House","Hotels & Hospitality",guest_house,9.57205,44.04569,"Hargeisa"
6726460886,"حاج يوسف طاهر","Hotels & Hospitality",guest_house,9.54219,44.0642,"Siinay Road"
6744098488,"tls poin to poin","Hotels & Hospitality",viewpoint,9.58302,44.01645,"Hargeisa"
6763291385,"TLS 529302","Hotels & Hospitality",viewpoint,9.55418,44.0773,"Hargeisa"
6784962285,"TLS 517470","Hotels & Hospitality",viewpoint,9.57777,44.04759,"Hargeisa"
6787615885,"TLS 567047","Hotels & Hospitality",viewpoint,9.51884,44.06713,"Hargeisa"
6787692089,"TLS 565881","Hotels & Hospitality",viewpoint,9.54308,44.06091,"Hargeisa"
6787764586,"TLS 561161","Hotels & Hospitality",viewpoint,9.54831,44.06461,"Hargeisa"
6796366886,"TLS POINT TO POINT","Hotels & Hospitality",viewpoint,9.52176,44.06888,"Hargeisa"
6825006685,"TLS jameeco WEYN","Hotels & Hospitality",viewpoint,9.5635,44.06596,"Hargeisa"
6832035888,"Guriga cusub en jeexnay","Hotels & Hospitality",apartment,9.56443,44.0083,"Hargeisa"
6834062696,"Tawakal Hotel","Hotels & Hospitality",hotel,9.56149,44.06286,"Road Number 1 / طريق رقم 1"
6901831288,"TLS POINT POINTS","Hotels & Hospitality",viewpoint,9.53211,44.10394,"Hargeisa"
6942452085,"aloore guess house","Hotels & Hospitality",guest_house,9.52276,44.07579,"Hargeisa"
6970276485,"Ina Af-Diinle Apartments","Hotels & Hospitality",apartment,9.51762,44.07401,"Hargeisa"
7252873985,"Sugaal Hotel","Hotels & Hospitality",hotel,9.55997,44.0621,"Hargeisa"
8040586785,"Malwaal","Hotels & Hospitality",alpine_hut,9.56593,43.96797,"Hargeisa"
8152038617,"SKY MOTORES","Hotels & Hospitality",attraction,9.56142,44.09667,"Road Number 1 / طريق رقم 1"
8254657517,"Magan Residence","Hotels & Hospitality",apartment,9.56453,44.12163,"Hargeisa"
8330025518,"Mango Garden","Hotels & Hospitality",hotel,9.55616,44.05332,"Hargeisa"
8330176817,"ASSOD Hotel","Hotels & Hospitality",hotel,9.56281,44.04685,"Hargeisa"
8447952317,"احمد ضاض فيلا","Hotels & Hospitality",guest_house,9.53784,44.05761,"Hargeisa"
8447952318,"East of Africa Hotel","Hotels & Hospitality",hotel,9.55533,44.0687,"طريق المطار"
8447952417,"ضاض","Hotels & Hospitality",viewpoint,9.53803,44.05804,"Hargeisa"
8933888117,"majlis","Hotels & Hospitality",apartment,9.57379,44.05305,"Hargeisa"
9604296717,"HOTEL AIDED","Hotels & Hospitality",hotel,9.55056,44.0659,"Hargeisa"
9959444321,"Tls pp kaab school","Hotels & Hospitality",viewpoint,9.58219,44.0268,"Hargeisa"
9959444326,"Gudoomiye Maxamuud 1","Hotels & Hospitality",viewpoint,9.59676,44.00005,"Hargeisa"
9959463619,"Warsan relief","Hotels & Hospitality",viewpoint,9.51586,44.07483,"Hargeisa"
9959463724,"Maxamuud xaji","Hotels & Hospitality",viewpoint,9.59955,43.99957,"Hargeisa"
9959463725,"Sheekh macruuf roud","Hotels & Hospitality",viewpoint,9.58689,44.04997,"Hargeisa"
9959463819,"Caawiye GPS","Hotels & Hospitality",viewpoint,9.56167,44.06935,"Hargeisa"
9959464018,"Barakaca","Hotels & Hospitality",viewpoint,9.61381,44.10655,"Hargeisa"
9959464019,"Nagiib 3","Hotels & Hospitality",viewpoint,9.59248,44.08279,"Hargeisa"
9959464121,"Gudoomiye maxamuud 2baloodh","Hotels & Hospitality",viewpoint,9.60109,44.00763,"Hargeisa"
9970557667,"Ťauxărnaićă","Hotels & Hospitality",viewpoint,9.55845,44.0588,"Hargeisa"
9970580393,"Jaromar","Hotels & Hospitality",viewpoint,9.55822,44.05858,"Hargeisa"
9970580394,"POLABIJĂ","Hotels & Hospitality",viewpoint,9.55876,44.05882,"Hargeisa"
10942474507,"wado Maxamuud Cumar","Hotels & Hospitality",guest_house,9.61219,44.02707,"Hargeisa"
10998229605,"nagiib's home","Hotels & Hospitality",apartment,9.5739,44.05335,"Hargeisa"
11041838905,"Bootoday ilma cali cumar","Hotels & Hospitality",apartment,9.60654,44.02859,"Hargeisa"
11663044236,"Beder Hotel Hargeisa","Hotels & Hospitality",hotel,9.56216,44.06057,"Timo Cadde Road"
12701988601,"Shiine Farta","Hotels & Hospitality",viewpoint,9.59043,44.12016,"Hargeisa"
13787014903,"gadiid bila","Hotels & Hospitality",viewpoint,9.59916,44.02933,"Hargeisa"
13787014905,"hema books","Hotels & Hospitality",viewpoint,9.56381,44.0608,"Hargeisa"
13787018202,"MASAAJIDKA SHIBIIN","Hotels & Hospitality",viewpoint,9.58676,44.07712,"Hargeisa"
13787018401,"HALEELO TOWER","Hotels & Hospitality",apartment,9.56267,44.05903,"Gollis Road"
13895972601,"ina cabdi raxmaan gurigeeda","Hotels & Hospitality",viewpoint,9.58552,44.01843,"Hargeisa"
202439612,"Pradise Hotel","Hotels & Hospitality",hotel,9.5604,44.06239,"Hargeisa"
228964321,"Nuh Hotel","Hotels & Hospitality",hotel,9.56284,44.07878,"Road Number One"
305188214,"Maan Soor Hotel","Hotels & Hospitality",hotel,9.5755,44.03167,"Hargeisa"
365346748,"Xamdi Hotel","Hotels & Hospitality",hotel,9.56174,44.09729,"Hargeisa"
4595635191,"Abokor artan","Hospitals & Healthcare",dentist,9.57718,44.06192,"Hargeisa"
4997437522,"p/p GARGAAR HOSPITAL","Hospitals & Healthcare",hospital,9.55966,44.06208,"Hargeisa"
5954605612,"Hargeisa Care Clinic","Hospitals & Healthcare",clinic,9.54241,44.05111,"Hargeisa"
6503396585,"MSF Somalia","Hospitals & Healthcare",clinic,9.52199,44.06848,"Hargeisa"
8929222545,"Birjeex Militery Hospital","Hospitals & Healthcare",hospital,9.55104,44.0554,"Birjeex Street"
8929222551,"Daryeel Phermecy","Hospitals & Healthcare",pharmacy,9.53991,44.05843,"Xaashi Kabadoon Street"
9277213643,"Bukhan  Pharmacy","Hospitals & Healthcare",pharmacy,9.54057,44.09523,"Hargeisa"
9277214018,"Nairobi  Pharmacy","Hospitals & Healthcare",pharmacy,9.54056,44.08377,"Hargeisa"
9277218363,"Muhuran Pharmacy","Hospitals & Healthcare",pharmacy,9.53961,44.09139,"Hargeisa"
9277226733,"Kulaan  Pharmacy","Hospitals & Healthcare",pharmacy,9.53987,44.08981,"Hargeisa"
9277228841,"Saacid  Pharmacy","Hospitals & Healthcare",pharmacy,9.54104,44.09743,"Hargeisa"
305183550,"Adna Adan hospital","Hospitals & Healthcare",hospital,9.55119,44.06685,"Hargeisa"
357089660,"المستشف الدولى","Hospitals & Healthcare",clinic,9.52887,44.07492,"Hargeisa"
430366600,"International Hospital المستشفى الدولي","Hospitals & Healthcare",hospital,9.52882,44.07507,"Airport Road"
449347606,"Gargaar Multi specialty Hospital","Hospitals & Healthcare",hospital,9.55973,44.06182,"Hargeisa"
791242083,"Dhakhtarka Adna مستشفى أدنا آدن","Hospitals & Healthcare",hospital,9.55106,44.06684,"Hargeisa"
791244577,"Kaah medical centre","Hospitals & Healthcare",hospital,9.56456,44.06006,"Goljano Road"
791245129,"Haldoor Hospital","Hospitals & Healthcare",hospital,9.5658,44.06097,"Hargeisa"
791249655,"Disabled people hospital","Hospitals & Healthcare",hospital,9.56012,44.0554,"Road Number 1 / طريق رقم 1"
965340306,"Adna Adan Maternity Hospital","Hospitals & Healthcare",hospital,9.55104,44.06684,"Hargeisa"
1462275345,"Naaso Hablood Hospital","Hospitals & Healthcare",hospital,9.57696,44.12482,"Hargeisa"
2794110273,"biyo dhacay school","Universities & Education",school,9.57183,44.06317,"Hargeisa"
3574051004,"Al-Irshad secondary school","Universities & Education",school,9.52498,44.07982,"Hargeisa"
3645086673,"MMooge School","Universities & Education",school,9.5373,44.09315,"Hargeisa"
4463299375,"Dugsiga Hoose/dhexe ee Sheekh Madar","Universities & Education",school,9.56224,44.04986,"Hargeisa"
4463540846,"Dugsiga Hoose/dhexe ee 31 May","Universities & Education",school,9.56428,44.03905,"Hargeisa"
4596847498,"Talasan","Universities & Education",school,9.57378,44.03592,"Hero Awr Road"
4702315995,"admas university","Universities & Education",school,9.57752,44.02831,"Hargeisa"
4804125423,"Bilaal Collage","Universities & Education",school,9.54314,44.05907,"Hugur Street"
5367492021,"الهدى","Universities & Education",school,9.54297,44.06594,"Hargeisa"
6342541287,"AGOOMAHA ALMANAAR","Universities & Education",school,9.56369,44.11649,"Road Number 1 / طريق رقم 1"
8197045217,"BIHI COLLEGE","Universities & Education",college,9.56146,44.06733,"Road Number 1 / طريق رقم 1"
8929222535,"Malcamada Daar Al Hikma","Universities & Education",school,9.54336,44.05659,"masjid rashiid street"
8929222536,"Dayib Guray Secondry school","Universities & Education",school,9.54911,44.05271,"Hargeisa"
8929222537,"Alifdoon Preimery School","Universities & Education",school,9.55051,44.05325,"Birjeex Street"
8930352342,"Xalane School","Universities & Education",school,9.55291,44.06689,"Hargeisa"
8930352343,"Quule Aadan S.School","Universities & Education",school,9.55379,44.06676,"Hargeisa"
11263937169,"Ileys Secondary School 1","Universities & Education",school,9.57055,44.00885,"Ileys S.School 1"
12533533302,"Al-Huda Org","Universities & Education",school,9.49625,44.06515,"Hargeisa"
202439604,"Dugsiga Biyo Dhacay Sare","Universities & Education",school,9.57152,44.06283,"Hargeisa"
305183548,"Janan Daauud School","Universities & Education",school,9.5502,44.06532,"Hargeisa"
305185797,"Cismaan binu Cafaan Secondery School","Universities & Education",school,9.54844,44.06144,"faarax nuur street"
305185803,"Cismaan binu Cafaan primery school","Universities & Education",school,9.54823,44.06145,"faarax nuur street"
449354047,"Farah Omaar Secondary School","Universities & Education",school,9.55559,44.05233,"Hargeisa"
449354369,"University of Hargeisa","Universities & Education",university,9.54635,44.04693,"Hargeisa"
798770515,"Gollis University","Universities & Education",university,9.56215,44.03865,"Hargeisa"
798783193,"Islamic Online University","Universities & Education",university,9.56306,44.06065,"Hargeisa"
1391629523,"Noradin Primary School","Universities & Education",school,9.57481,44.05767,"Hargeisa"
1104353958,"Fuel Stop (Daalo)","Transit & Services",fuel,9.56169,44.06442,"Hargeisa"
1138798640,"Jano Gaaban Fuel-station","Transit & Services",fuel,9.56214,44.03595,"Hargeisa"
1138798728,"Kaah Fuel Stations","Transit & Services",fuel,9.56071,44.11581,"Hargeisa"
1138798736,"Barwaaqo Fuel-station","Transit & Services",fuel,9.56575,44.02917,"Hargeisa"
1138799024,"Tawakal Fuel Station","Transit & Services",fuel,9.56452,44.04275,"Hargeisa"
1138799116,"National Fuel-station","Transit & Services",fuel,9.5631,44.03322,"Jigjiga Yar Road"
1138799180,"Kaalenta shidaal ee ayaan","Transit & Services",fuel,9.56182,44.0634,"Road Number 1"
1138799283,"Boqoljire Fuel-station","Transit & Services",fuel,9.56942,44.02041,"Hargeisa"
1138799352,"Total توتال","Transit & Services",fuel,9.56004,44.04718,"Hargeisa"
3201166289,"Gaafane F-staton & Ekectricity","Transit & Services",fuel,9.57146,44.01752,"Hargeisa"
3201174943,"HASS Fuel-station","Transit & Services",fuel,9.56522,44.03016,"Hargeisa"
4463857548,"Total Fuel Station","Transit & Services",fuel,9.57343,44.03513,"Hargeisa"
4590096108,"Unigas","Transit & Services",fuel,9.56538,44.06058,"Togdheer Road"
4803797224,"Qalad","Transit & Services",bus_stop,9.54736,44.05914,"Hargeisa"
4804138021,"Isgoyska badhka","Transit & Services",bus_stop,9.53941,44.06006,"Hargeisa"
6016412319,"Isleg Fuel station and super market","Transit & Services",fuel,9.58172,44.0622,"Jidka 150 Ka"
6200580786,"Bidhaan Fuel Station","Transit & Services",fuel,9.54571,44.07488,"Airport Road طريق المطار"
6234813885,"isha borama bus stop","Transit & Services",bus_stop,9.54234,44.05125,"Hargeisa"
6264216385,"hass masala fuel staion","Transit & Services",fuel,9.51876,44.07643,"Hargeisa"
8398109717,"Burleeg Bus Stop","Transit & Services",bus_stop,9.53997,44.05804,"Hargeisa"
8930523869,"Al Nuurayn Fuel station","Transit & Services",fuel,9.54691,44.05862,"Faarax Nuur Street"
9277179890,"Alibaarjeex  Fuel Station","Transit & Services",fuel,9.54145,44.08724,"Hargeisa"
9277195533,"Star Fuel Station","Transit & Services",fuel,9.53664,44.076,"Hargeisa"
9775169934,"Brothers fuel station 2","Transit & Services",fuel,9.57953,44.0495,"150 street"
9959463818,"Gurey fuel station","Transit & Services",fuel,9.5778,44.0773,"Hargeisa"
363947528,"Guleed Hotel Close","Hotels & Hospitality",service,9.56334,44.04229,"Lixle الحلي"
305188214,"Maan Soor Hotel","Hotels & Hospitality",hotel,9.57552,44.03159,"Jigjiga Yar"
908883778,"Dahabshiil Bank / Damal Hotel","Hotels & Hospitality",commercial,9.56194,44.0648,"Lixle الحلي"
1557631512,"Oriental Hotel","Hotels & Hospitality",hotel,9.56224,44.06791,"Sheekh Madar الشيخ مدر"
906822942,"Beder Hotel","Hotels & Hospitality",hotel,9.56212,44.06057,"Almis"
6289232385,"XAWAALADA TAAJ (safari hotel)","Hotels & Hospitality",bank,9.56271,44.03625,"Guul Ala"
4715776189,"مطعم وفندق هاروناچ","Hotels & Hospitality",restaurant,9.55827,44.06704,"Sheekh Madar الشيخ مدر"
1545263730,"Serene Sarovar Premiere Hargeisa","Hotels & Hospitality",hotel,9.52861,44.07855,"Jameeco Weyn"
1376931543,"Manahl Hospital","Hospitals & Healthcare",hospital,9.54437,44.07693,"Jameeco Weyn"
6291085485,"XAWAALADA TAAJ ADNA HOSPITAL","Hospitals & Healthcare",bank,9.55077,44.0668,"Makamed Cali محمد علي"
323360602,"طريق المدرسة ١٨ مايو","Universities & Education",residential,9.56197,44.04122,"Lixle الحلي"
1113032500,"Hormuud school","Universities & Education",yes,9.60126,44.02623,"Waraabe Salaan"
657719272,"Abaarso School of Science and Technology","Universities & Education",school,9.61512,43.87438,"Hargeisa"
1376931545,"Hargisa School (Sudani)","Universities & Education",school,9.54307,44.07699,"Jameeco Weyn"
304929007,"Mahmuud AhmedAli Secondary School","Universities & Education",school,9.54998,44.0746,"Burco Duurrey"
1376931544,"Hamdan School U.S.E","Universities & Education",school,9.54379,44.07699,"Jameeco Weyn"
305183596,"Xalane old School","Universities & Education",yes,9.55256,44.06731,"Makamed Cali محمد علي"
322742968,"GuriSamo Primary school","Universities & Education",school,9.55649,44.07203,"Sheekh Madar الشيخ مدر"
3693601592,"Kuweyt Boarding School","Universities & Education",school,9.56923,44.13496,"Texas تكساس"
587203749,"Gollis University Road","Universities & Education",residential,9.56105,44.03846,"Lixle الحلي"
4692077889,"New generation university collage","Universities & Education",library,9.57525,44.03576,"Guul Ala"
4692078289,"New generation university","Universities & Education",community_centre,9.57529,44.03514,"Guul Ala"
6293304989,"XAWAALADA TAAJ H.university","Universities & Education",bank,9.54735,44.0477,"Texas تكساس"
2789918417,"Gollis University","Universities & Education",university,9.56199,44.03816,"Guul Ala"
1254584517,"Damal Restaurant Hargeisa","Restaurants & Dining",restaurant,9.56262,44.06517,"Sheekh Madar الشيخ مدر"
319413613,"Kaah Restaurant","Restaurants & Dining",restaurant,9.56026,44.11582,"Texas تكساس"
850097928,"Nada Restaurant","Restaurants & Dining",restaurant,9.57991,44.0336,"Jigjiga Yar"
1376931559,"SABAXARED RESTAURANT","Restaurants & Dining",restaurant,9.55126,44.07532,"Jameeco Weyn"
1104353787,"Camel Restaurant","Restaurants & Dining",restaurant,9.56073,44.09014,"Texas تكساس"
5001908524,"Hiddo Dhawr cultural restaurant","Restaurants & Dining",restaurant,9.55231,44.04757,"Texas تكساس"
3593965256,"Mediterranean Restaurant مطعم متوسطي","Restaurants & Dining",restaurant,9.51866,44.07046,"Hargeisa"
4463847518,"Friendship Ethiopian Restaurant","Restaurants & Dining",restaurant,9.57077,44.03514,"Guul Ala"
4296105891,"Saba Restaurant","Restaurants & Dining",restaurant,9.56281,44.04526,"Lixle الحلي"
3586339621,"Golden Restaurant and Cafe","Restaurants & Dining",restaurant,9.56097,44.08831,"Texas تكساس"
3258263490,"Shiraaqle Restaurant","Restaurants & Dining",restaurant,9.56195,44.10089,"Hargeisa"
7252873485,"Restaurant yéménite","Restaurants & Dining",restaurant,9.53379,44.07569,"Jameeco Weyn"
2203587738,"Dalxiis Restaurant","Restaurants & Dining",restaurant,9.55709,44.06807,"Sheekh Madar الشيخ مدر"
4463545266,"Summertime Restuarent","Restaurants & Dining",restaurant,9.56181,44.03778,"Guul Ala"
4463266900,"Peace Cafe مقهى السلام","Restaurants & Dining",cafe,9.55286,44.0484,"Texas تكساس"
4463849465,"Kings Cafe","Restaurants & Dining",cafe,9.57273,44.03512,"Guul Ala"
9277205459,"Kulan Cafe","Restaurants & Dining",cafe,9.53685,44.07731,"Jameeco Weyn"
5341078221,"كافيه لاين","Restaurants & Dining",cafe,9.5623,44.0605,"Almis"
4874557521,"Premier Bank","Corporate & Banking",bank,9.56148,44.05898,"Lixle الحلي"
4872142625,"Salaam Bank","Corporate & Banking",bank,9.56122,44.06504,"Lixle الحلي"
2376106077,"Central Bank","Corporate & Banking",bank,9.56184,44.06384,"Lixle الحلي"
1138798674,"Bank of Somaliland","Corporate & Banking",bank,9.56182,44.0653,"Lixle الحلي"
6284376986,"XAWAALADA TAAJ new Hargeisa","Corporate & Banking",bank,9.56236,44.08473,"Texas تكساس"
4715733590,"بنك دهب شيل","Corporate & Banking",bank,9.56194,44.06479,"Lixle الحلي"
369360201,"Shiraaqle Supermarket","Markets, Malls & Supermarkets",supermarket,9.56057,44.11579,"Texas تكساس"
7810671407,"Indho Birta Supermarket","Markets, Malls & Supermarkets",supermarket,9.57116,44.06189,"Udan"
7866354869,"Alloore supermarket & dry-cleaning","Markets, Malls & Supermarkets",supermarket,9.52368,44.07416,"Jameeco Weyn"
1544987456,"CIIR Mall","Markets, Malls & Supermarkets",mall,9.5237,44.06407,"Hargeisa"
865221281,"Waafi Mall","Markets, Malls & Supermarkets",commercial,9.5758,44.0345,"Guul Ala"
5676161822,"Guled Mall","Markets, Malls & Supermarkets",company,9.56124,44.06988,"Sheekh Madar الشيخ مدر"
6289232285,"XAWAALADA TAAJ","Markets, Malls & Supermarkets",bank,9.56138,44.05842,"Almis"
871991602,"Baante Pharmacy","Hospitals & Healthcare",pharmacy,9.55149,44.04285,"Guul Ala"
202396173,"Cajab Fuel Station","Transit & Services",yes,9.56182,44.06343,"Lixle الحلي"
7128315585,"Sky Motors","Transit & Services",car,9.56147,44.09614,"Texas تكساس"
1557758077,"Downtown Bus Station","Transit & Services",bus_station,9.56074,44.06499,"Sheekh Madar الشيخ مدر"
1138799090,"Harageisa Bus Station","Transit & Services",bus_station,9.56293,44.06737,"Lixle الحلي"
3191273858,"Hargeisa Police HQ مقر شرطة هرجيسا","Government & Embassies",police,9.55385,44.05168,"Baxday بحدي"
449363192,"Criminal Investigation Department (CID) Somaliand Police Force","Government & Embassies",police,9.56064,44.04918,"Lixle الحلي"
6066030885,"Police Station","Government & Embassies",police,9.56054,44.07346,"Texas تكساس"
4463244374,"SPU (Special Protection Unit) & RRU (Rapid Response Unit) compound, Somaliland Police Force","Government & Embassies",police,9.5522,44.05073,"Texas تكساس"
8930352344,"Iftin Police Station","Government & Embassies",police,9.55203,44.06782,"Makamed Cali محمد علي"
4715776389,"مركز شرطة وسط البلد","Government & Embassies",police,9.56027,44.06478,"Sheekh Madar الشيخ مدر"
5470310921,"Djibouti embassy","Government & Embassies",diplomatic,9.52183,44.06713,"Hargeisa"
4284621889,"Embassy of Ethiopia","Government & Embassies",diplomatic,9.55979,44.05132,"Lixle الحلي"
586315065,"Mosque","Mosques & Landmarks",place_of_worship,9.55284,44.09194,"Sheekh Madar الشيخ مدر"